{"NAME": "default", "city": "Delft, Netherlands", "nP": 1000, "nV": 50, "times": {"request": 15, "transaction": 20, "pickup": 30, "dropoff": 10, "patience": 600, "pickup_patience": 90}, "speeds": {"walk": 1.2, "ride": 10, "bike": 4.0}, "t0": "2021-11-01 09:00:00", "paths": {"main": "/Users/rkucharski/Documents/GitHub/MaaSSim", "data": "/Users/rkucharski/Documents/GitHub/MaaSSim/data", "params": "/Users/rkucharski/Documents/GitHub/MaaSSim/data/configs", "G": "MaaSSim/data/graphs/Delft.graphml", "skim": "MaaSSim/data/graphs/Delft.csv", "_ipython_display_": {}, "_repr_mimebundle_": {}, "_repr_html_": {}, "_repr_markdown_": {}, "_repr_svg_": {}, "_repr_png_": {}, "_repr_pdf_": {}, "_repr_jpeg_": {}, "_repr_latex_": {}, "_repr_json_": {}, "_repr_javascript_": {}, "albatross": "MaaSSim/data/albatross"}, "dist_threshold": 100000, "big_time": 10, "sleep": false, "simTime": 8, "demand_structure": {"origins_dispertion": -0.0003, "destinations_dispertion": -0.001, "temporal_dispertion": 0.3, "temporal_distribution": "uniform"}, "shareability": {"windows": {"pickup": [-2, 5], "dropoff": [-10, 5]}, "avg_speed": 10, "shared_discount": 0.8, "VoT": 0.005, "WtS": 1.2, "delay_value": 1.5, "price": 1.5, "matching_obj": "u_veh", "pax_delay": 45, "horizon": 600, "max_degree": 600, "share": 0, "shape": {}}, "parallel": {"nThread": 1, "nReplications": 1}, "nD": 3, "_ipython_display_": {}, "_repr_mimebundle_": {}, "_repr_html_": {}, "_repr_markdown_": {}, "_repr_svg_": {}, "_repr_png_": {}, "_repr_pdf_": {}, "_repr_jpeg_": {}, "_repr_latex_": {}, "_repr_json_": {}, "_repr_javascript_": {}, "study_name": "competition_trb24", "fleetpy_config": "constant_config.csv", "nS": 2, "wd_simulator": "FleetPy", "platforms": {"base_fare": 1.5, "fare": 1.5, "min_fare": 0, "comm_rate": 0.25, "max_wait_time": 600, "match_obj": "func_key:total_system_time", "max_rel_detour": 40, "fare_1": 1.5, "comm_rate_1": 0.25, "max_rel_detour_1": 40, "reg_cap": Infinity, "ptcp_cap": Infinity}, "evol": {"drivers": {"kappa": 0.2, "res_wage": {"mean": 25}, "gini": 0.35, "init_inc_ratio": 1, "inform": {"prob_start": 1, "beta": 0.1, "std_fact": 0.5}, "regist": {"prob_start": 0.2, "beta": 0.2, "cost_comp": 20, "samp": 0.1, "min_work_exp": 0, "min_days": 5}, "particip": {"beta": 0.1, "probabilistic": true}, "mh_share": 1}, "travellers": {"inform": {"prob_start": 1, "beta": 0.1, "start_wait": 0, "std_fact": 0.5}, "reject_penalty": 1800, "kappa": 0.2, "min_prob": 0.05, "mode_pref": {"mean_vot": 10, "access_multip": 2, "wait_multip": 2.5, "bike_multip": 2, "beta_cost": -0.1592, "transfer_pen": 300, "ASC_car": -0.369, "ASC_rs": -2.2497, "ASC_pt": -1.5026, "ASC_car_sd": 0, "ASC_rs_sd": 0, "ASC_pt_sd": 0, "ASC_bike_sd": 0, "gini": 0.35}, "prob_reg_start": 1, "mh_share": 1}}, "alt_modes": {"pt": {"base_fare": 0.99, "km_fare": 0.174}, "car": {"km_cost": 0.5, "diff_parking": true, "park_cost": 7.5, "park_cost_center": 15, "access_time": 600}}, "dist_threshold_min": 2000, "albatross": false, "drivers": {"fuel_costs": 0.25}, "comm_rate": 0.25, "repl_id": 0}