,pos,event,platforms,VoT,U_bike,U_car,U_pt,ASC_rs,mode_choice,prob_rs,informed,expected_wait,mode_day
0,2635624116,,100,19.23489337022562,-1.254649350332328,-3.0694815449131054,-99999,-2.2497,day-to-day,0.08785369621045466,True,0,bike
1,44761817,,100,18.87095920865429,-0.9847285869724892,-2.9492206194004194,-99999,-2.2497,day-to-day,0.08351552515559364,True,0,bike
2,565046998,,100,23.85058899513199,-1.4397010537094843,-3.3339194667502348,-99999,-2.2497,day-to-day,0.10632858137257963,True,0,bike
3,44855665,,100,14.364466704769264,-1.0640079698593814,-2.8047359604382986,-99999,-2.2497,day-to-day,0.06921080035970154,True,0,bike
4,3669218094,,100,15.558822592612916,-1.176558164453389,-2.8961984851386697,-99999,-2.2497,day-to-day,0.07386869983465635,True,0,bike
5,271397035,,100,13.882646009688871,-1.1879380190490767,-2.845345352057305,-99999,-2.2497,day-to-day,0.06680786268282612,True,0,bike
6,1433963033,,100,15.464365610434847,-0.950577371444974,-2.7950458093494035,-99999,-2.2497,day-to-day,0.07318992407662267,True,0,car
7,617806644,,100,12.546376145951019,-0.6325046427712107,-2.536783289366043,-99999,-2.2497,day-to-day,0.06502236079307878,True,0,bike
8,3201816976,,100,27.169114030331194,-1.7481513604249435,-3.5860405899612307,-99999,-2.2497,day-to-day,0.12646567647186358,True,0,bike
9,44776713,,100,8.83984714098238,-0.6000586459822629,-2.396484950811251,-99999,-2.2497,day-to-day,0.052398583718647085,True,0,bike
10,3201816977,,100,11.609406290384664,-0.8958720847483392,-2.6360509107594146,-99999,-2.2497,day-to-day,0.05913934672257923,True,0,bike
11,735308421,,100,13.515445654124765,-1.4344392987577754,-2.949187509130443,-99999,-2.2497,day-to-day,0.06380886323119542,True,0,bike
12,1371031395,,100,14.357757039773219,-0.7492196684621217,-2.6626182406030567,-99999,-2.2497,day-to-day,0.06976233337395617,True,0,bike
13,1435362503,,100,15.594750329744237,-1.7171899413092375,-3.130407405760275,-99999,-2.2497,day-to-day,0.0743447605209091,True,0,bike
14,44763122,,100,9.036093653344007,-0.4175779679291452,-2.292394963456618,-99999,-2.2497,day-to-day,0.05752829313938049,True,0,car
15,4986579681,,100,17.27764717642615,-1.593056661823746,-3.1304104758604305,-99999,-2.2497,day-to-day,0.0828261740563406,True,0,bike
16,44837714,,100,25.544998860598497,-1.6380020936057103,-3.477028358256902,-99999,-2.2497,day-to-day,0.11731022799495214,True,0,bike
17,1448535732,,100,15.350985168691093,-1.2185441460405115,-2.9070984421599766,-99999,-2.2497,day-to-day,0.07306599793995036,True,0,bike
18,630742373,,100,9.106840434263118,-0.4792424184972998,-2.3315661494110227,-99999,-2.2497,day-to-day,0.05629701005276924,True,0,bike
19,1569975179,,100,5.853076399277594,-0.28601382995981034,-2.10672202024696,-99999,-2.2497,day-to-day,0.05033048731924489,True,0,bike
20,1385072819,,100,16.812851714535178,-1.118970005387714,-2.9185919987288766,-99999,-2.2497,day-to-day,0.07833818254306368,True,0,bike
21,1402734990,,100,12.048393579277649,-1.0815976787157315,-2.74186362168348,-99999,-2.2497,day-to-day,0.059146086003754816,True,0,bike
22,1800461536,,100,11.273111207799534,-1.1864824289417815,-2.777418920548919,-99999,-2.2497,day-to-day,0.05409343059469909,True,0,bike
23,4862057241,,100,16.998992356631618,-1.0185985097786516,-2.8845155630143147,-99999,-2.2497,day-to-day,0.07837331659720731,True,0,bike
24,44831010,,100,10.050192481199268,-0.5911076542220023,-2.4262877451800415,-99999,-2.2497,day-to-day,0.05738452026208518,True,0,bike
25,630742373,,100,19.440188352772573,-1.9471940660415434,-3.344652808462106,-99999,-2.2497,day-to-day,0.09678842903697166,True,0,bike
26,44869235,,100,10.120092661515757,-0.8995413030399307,-2.5999398445124227,-99999,-2.2497,day-to-day,0.052323508025182264,True,0,bike
27,44872123,,100,12.093248085791666,-0.828924971569431,-2.6172933593998975,-99999,-2.2497,day-to-day,0.06178747351770644,True,0,bike
28,5300707250,,100,14.379267910780902,-0.976080682748153,-2.7656479536817375,-99999,-2.2497,day-to-day,0.06944697170535169,True,0,bike
29,44835830,,100,10.504236949355688,-0.8872345382401342,-2.6019437484271686,-99999,-2.2497,day-to-day,0.05434853472962309,True,0,bike
30,44906242,,100,14.74320209260625,-1.584304496871468,-3.049089490421932,-99999,-2.2497,day-to-day,0.06981367779994654,True,0,bike
31,44814118,,100,19.584481586036045,-1.1821845901384225,-3.056028074193331,-99999,-2.2497,day-to-day,0.0880640603458905,True,0,bike
32,1530303715,,100,14.53173554361376,-0.9575122013415369,-2.7628612064494105,-99999,-2.2497,day-to-day,0.07002308260697462,True,0,bike
33,44861489,,100,8.010528856094416,-0.39675259365473853,-2.245746583361025,-99999,-2.2497,day-to-day,0.054568632008182294,True,0,bike
34,44834683,,100,30.248240791753876,-2.4813304104604414,-3.959755393441161,-99999,-2.2497,day-to-day,0.16871417827174578,True,0,car
35,1402734944,,100,13.68084055717349,-0.7532214782761153,-2.6378449012225635,-99999,-2.2497,day-to-day,0.06773995382160164,True,0,bike
36,44837765,,100,12.978089998751363,-0.6542687771370521,-2.5640457313611495,-99999,-2.2497,day-to-day,0.06613282062756742,True,0,bike
37,1436427187,,100,16.843795539667802,-1.1731703593378624,-2.9422181551726103,-99999,-2.2497,day-to-day,0.07873857414086233,True,0,bike
38,4810005054,,100,14.294738388244644,-1.0145928816696441,-2.780008693470111,-99999,-2.2497,day-to-day,0.06905284003277959,True,0,bike
39,44839201,,100,7.752471289334081,-0.4165402823759203,-2.2511338662291793,-99999,-2.2497,day-to-day,0.052965514002720954,True,0,car
40,1530303600,,100,11.353606516514331,-1.0142050550018735,-2.6899230634767353,-99999,-2.2497,day-to-day,0.056600958829435805,True,0,bike
41,1448535880,,100,19.215223729693385,-1.0069417741816993,-2.972728227425402,-99999,-2.2497,day-to-day,0.0847128194280409,True,0,bike
42,4552156190,,100,18.592032335878493,-1.109944330451946,-2.9865260487143415,-99999,-2.2497,day-to-day,0.0841101062104276,True,0,bike
43,44868262,,100,22.01110345583806,-1.3383973740230422,-3.2176353648610814,-99999,-2.2497,day-to-day,0.09827014680483522,True,0,bike
44,44704697,,100,12.35622649495819,-1.562760610520112,-2.9865678747698032,-99999,-2.2497,day-to-day,0.05625398390385375,True,0,bike
45,44814679,,100,24.298894369779404,-2.1007474133535173,-3.5838468105603303,-99999,-2.2497,day-to-day,0.12497619360808812,True,0,bike
46,1448535730,,100,15.16579197504141,-1.213903691442259,-2.8987307657639825,-99999,-2.2497,day-to-day,0.07229372377421303,True,0,car
47,44852052,,100,16.51805214378142,-0.8363823936047371,-2.789118445817615,-99999,-2.2497,day-to-day,0.07593345073850917,True,0,bike
48,2599554574,,100,14.79755596719568,-0.6838279447018173,-2.651386558932881,-99999,-2.2497,day-to-day,0.07100319194063331,True,0,bike
49,1552650403,,100,14.868662879720814,-0.752866484546397,-2.6848876737264638,-99999,-2.2497,day-to-day,0.07120421269202651,True,0,bike
50,1519890005,,100,16.36972581698827,-1.6939392275419467,-3.1430026288632336,-99999,-2.2497,day-to-day,0.07857747591042713,True,0,bike
51,1512025431,,100,9.329197008272311,-0.7549808165561173,-2.500401551216874,-99999,-2.2497,day-to-day,0.05120154130970511,True,0,bike
52,1433962992,,100,21.34661198967971,-1.708630260569497,-3.3256715950329028,-99999,-2.2497,day-to-day,0.10274313715581532,True,0,bike
53,3905428979,,100,16.938893340322352,-1.3108821346149466,-3.0026670335160954,-99999,-2.2497,day-to-day,0.07983039497733227,True,0,bike
54,1584013904,,100,10.412676520212086,-0.6861028255573524,-2.4899945991173915,-99999,-2.2497,day-to-day,0.05712627384923502,True,0,bike
55,1608998333,,100,12.543240397558321,-0.879183593332413,-2.6567966757635775,-99999,-2.2497,day-to-day,0.06307179294645388,True,0,bike
56,1402734947,,100,10.926882652191269,-0.7079041631125738,-2.517662072032131,-99999,-2.2497,day-to-day,0.05877531708668915,True,0,bike
57,4407940597,,100,48.4790543791325,-2.433271470520614,-4.802968113156755,-99999,-2.2497,day-to-day,0.2362498642957575,True,0,bike
58,44820007,,100,17.72705823601318,-1.6462528081844239,-3.1672864520279838,-99999,-2.2497,day-to-day,0.08532769357216838,True,0,car
59,565046992,,100,14.098280038177753,-0.9850624910230776,-2.759697225563915,-99999,-2.2497,day-to-day,0.06839092712790218,True,0,bike
60,643586572,,100,11.779374732518885,-0.8959654185436808,-2.641109236181072,-99999,-2.2497,day-to-day,0.05985302482903046,True,0,bike
61,44763122,,100,17.89029583150564,-1.82755335350774,-3.245641036160114,-99999,-2.2497,day-to-day,0.08733811156543644,True,0,bike
62,523511908,,100,8.239404148384619,-0.5137543133322756,-2.3274605761407323,-99999,-2.2497,day-to-day,0.05205689109726688,True,0,bike
63,1679761155,,100,20.997560649666234,-1.4624800992492533,-3.220506571658805,-99999,-2.2497,day-to-day,0.09710829409088931,True,0,bike
64,1402734957,,100,5.968962792042263,-0.2969558989041026,-2.118244138611863,-99999,-2.2497,day-to-day,0.050296202089989445,True,0,bike
65,1679761088,,100,11.420046168562981,-0.7752054228622425,-2.568436867917524,-99999,-2.2497,day-to-day,0.05978284082731322,True,0,bike
66,1530303711,,100,8.69333033833846,-0.39981592151611733,-2.269857247591051,-99999,-2.2497,day-to-day,0.056856544485067606,True,0,car
67,1668136745,,100,11.451410668667826,-0.9950894157383386,-2.6825340759649734,-99999,-2.2497,day-to-day,0.057289159273606866,True,0,bike
68,2804814348,,100,22.435815297925295,-1.3543005974337639,-3.2417620512966554,-99999,-2.2497,day-to-day,0.09992928237409153,True,0,bike
69,1575265163,,100,15.632124961995801,-1.019648773215515,-2.8312945192930137,-99999,-2.2497,day-to-day,0.0738790967241259,True,0,bike
70,663333161,,100,7.488266884641313,-0.33445928025423505,-2.188061218729146,-99999,-2.2497,day-to-day,0.054740516211225054,True,0,bike
71,44820020,,100,31.1084611422567,-1.9328378206820584,-3.8240659020855006,-99999,-2.2497,day-to-day,0.14756978468603993,True,0,bike
72,44831875,,100,12.931797652617984,-0.611903927593766,-2.5419721809510145,-99999,-2.2497,day-to-day,0.0662647866018528,True,0,bike
73,285743579,,100,14.096656196548546,-1.1594969610201065,-2.8390739477008635,-99999,-2.2497,day-to-day,0.06784923388701714,True,0,rs
74,3720505062,,100,7.0238866720347595,-0.32769553052451944,-2.1692293588342153,-99999,-2.2497,day-to-day,0.05328205936867125,True,0,bike
75,4810005054,,100,12.300157251211356,-0.7560769993905719,-2.5882317446757304,-99999,-2.2497,day-to-day,0.06321090876821017,True,0,rs
76,1391531777,,100,12.317002952763719,-1.1438390075466576,-2.7797100915359927,-99999,-2.2497,day-to-day,0.059841276001789595,True,0,bike
77,1519889795,,100,11.769327898419832,-1.046136325797544,-2.7167782656356545,-99999,-2.2497,day-to-day,0.05819798007345853,True,0,bike
78,1435362415,,100,8.128460115428382,-0.5481743185621396,-2.346765147171161,-99999,-2.2497,day-to-day,0.05061924145434624,True,0,bike
79,4246176888,,100,11.748663463798529,-0.5870937673565279,-2.4837771612835473,-99999,-2.2497,day-to-day,0.06307185943852543,True,0,bike
80,1505631026,,100,12.7953092505562,-1.4626886684721927,-2.9460741445906207,-99999,-2.2497,day-to-day,0.05966952765480171,True,0,rs
81,385474972,,100,15.47415168723051,-1.194105898699829,-2.900786829275665,-99999,-2.2497,day-to-day,0.07355070741408784,True,0,car
82,1830058787,,100,9.235537168042502,-0.5288986901978651,-2.3650429104236954,-99999,-2.2497,day-to-day,0.05562963341730065,True,0,rs
83,44852429,,100,10.20652277123154,-0.8192095393616142,-2.55741604959901,-99999,-2.2497,day-to-day,0.05406661212741168,True,0,bike
84,6631921600,,100,18.916866178144517,-1.3342906465053244,-3.0876371611546007,-99999,-2.2497,day-to-day,0.08765825140995662,True,0,bike
85,7472100999,,100,19.621430464349253,-2.05211820590867,-3.3911755511565342,-99999,-2.2497,day-to-day,0.0989362252441309,True,0,bike
86,1435362462,,100,5.772277850622551,-0.2833418787608923,-2.1026959203585482,-99999,-2.2497,day-to-day,0.05010563011158348,True,0,bike
87,1436427141,,100,14.38414683087537,-0.7442357570294917,-2.661429876564352,-99999,-2.2497,day-to-day,0.06984519661364295,True,0,bike
88,44814389,,100,5.490064811844192,-0.2524941807687276,-2.070406275502277,-99999,-2.2497,day-to-day,0.05051425895519457,True,0,bike
89,44736833,,100,9.965400911264794,-0.6323932691611847,-2.446761262190022,-99999,-2.2497,day-to-day,0.05631171010830824,True,0,bike
90,44821027,,100,8.73355282536126,-0.42097665407758017,-2.2841838674146873,-99999,-2.2497,day-to-day,0.05643616771731286,True,0,bike
91,1449574126,,100,12.873021466013999,-0.6176618732965361,-2.542392713789117,-99999,-2.2497,day-to-day,0.06606486229960178,True,0,bike
92,1513191904,,100,13.973518914397818,-0.923820387695094,-2.7272961479297297,-99999,-2.2497,day-to-day,0.0681195048899022,True,0,bike
93,1402734813,,100,7.036280977041615,-0.38894997623091165,-2.2131819724278574,-99999,-2.2497,day-to-day,0.050983901896985595,True,0,bike
94,1413910858,,100,8.959133187894233,-0.4734503706104864,-2.3233654086263513,-99999,-2.2497,day-to-day,0.055907866850498755,True,0,bike
95,5159209866,,100,20.79318808283838,-1.8436395731360222,-3.3543490955564943,-99999,-2.2497,day-to-day,0.10241777383203923,True,0,bike
96,107926427,,100,15.327153732703467,-1.0709252614748055,-2.8420820103770916,-99999,-2.2497,day-to-day,0.07286519860216784,True,0,bike
97,1679761182,,100,18.43803365020955,-1.145596004095631,-2.9942401865235793,-99999,-2.2497,day-to-day,0.08399450876521579,True,0,bike
98,7399789770,,100,16.17097436098931,-1.17994209587352,-2.919808125264537,-99999,-2.2497,day-to-day,0.07625752184894843,True,0,bike
99,44837714,,100,32.36703728468509,-2.454752071045278,-4.044589192783011,-99999,-2.2497,day-to-day,0.1780818566067248,True,0,bike
100,44824163,,100,18.258117960632774,-1.1061579332460696,-2.971233046426793,-99999,-2.2497,day-to-day,0.08302898817734745,True,0,car
101,3669180604,,100,10.433285291618155,-1.0888640231901225,-2.710144477446561,-99999,-2.2497,day-to-day,0.05093619327361859,True,0,bike
102,1515837165,,100,11.468573720085859,-1.1766246922420536,-2.7762679171943,-99999,-2.2497,day-to-day,0.05524264449500302,True,0,bike
103,44781481,,100,12.57956638268773,-1.020803857363148,-2.726848427513925,-99999,-2.2497,day-to-day,0.062087752184806805,True,0,bike
104,2560427063,,100,8.746189461283622,-0.5453540668759048,-2.3606739341206318,-99999,-2.2497,day-to-day,0.05333000448276637,True,0,car
105,44852052,,100,13.326803637285341,-0.9576789169349216,-2.720444829738926,-99999,-2.2497,day-to-day,0.06557105002504543,True,0,bike
106,889276759,,100,23.97646020279723,-2.512892872321169,-3.7152333958926738,-99999,-2.2497,day-to-day,0.13321358167701147,True,0,rs
107,4846026465,,100,11.509528611602372,-0.7838244751803696,-2.5757052133584395,-99999,-2.2497,day-to-day,0.060025810259492024,True,0,bike
108,3773543334,,100,9.986884355421019,-0.5564691962840592,-2.4048565023844874,-99999,-2.2497,day-to-day,0.057793109255682484,True,0,bike
109,44846574,,100,20.591249759192372,-0.9606733179319206,-3.0157996508075255,-99999,-2.2497,day-to-day,0.08751643641422631,True,0,bike
110,5380526225,,100,9.609518602347482,-0.6926754553429896,-2.470976211566504,-99999,-2.2497,day-to-day,0.053710902542836086,True,0,bike
111,44825524,,100,5.460203677390726,-0.25474276912217686,-2.0716593623046364,-99999,-2.2497,day-to-day,0.05025091342432078,True,0,bike
112,44796534,,100,7.495765405655419,-0.3729143289313571,-2.214458149979719,-99999,-2.2497,day-to-day,0.05342066552648733,True,0,bike
113,5264539952,,100,6.475508250458867,-0.3049748535691111,-2.137176608538173,-99999,-2.2497,day-to-day,0.05207272408751709,True,0,bike
114,44850248,,100,9.950150956369542,-0.7480302374532924,-2.511267391575336,-99999,-2.2497,day-to-day,0.05415280514967277,True,0,bike
115,1569974324,,100,9.514880394335249,-0.5848691257504608,-2.4061848114094824,-99999,-2.2497,day-to-day,0.05549069596943054,True,0,car
116,5353328924,,100,12.008454105167598,-1.0142874046295893,-2.7071781121068117,-99999,-2.2497,day-to-day,0.05962669514262317,True,0,bike
117,4159110115,,100,14.956444992573557,-0.7407761022099543,-2.6831479013812274,-99999,-2.2497,day-to-day,0.07144076768831009,True,0,bike
118,1668136732,,100,11.780010697036875,-1.3961145122097125,-2.8940048034313657,-99999,-2.2497,day-to-day,0.05450712810749625,True,0,bike
119,1435362412,,100,26.197232013567838,-1.6624472355454443,-3.5141412259624216,-99999,-2.2497,day-to-day,0.12028822117968477,True,0,bike
120,1571090443,,100,6.465687881831908,-0.30022344064639495,-2.133317191725159,-99999,-2.2497,day-to-day,0.05224506088764863,True,0,bike
121,44856873,,100,19.057073656847827,-1.2809741421607403,-3.072474203822206,-99999,-2.2497,day-to-day,0.08755501708836266,True,0,bike
122,44872126,,100,6.797345427755043,-0.31562340602875916,-2.1539971452386197,-99999,-2.2497,day-to-day,0.05289484016111454,True,0,car
123,1570983068,,100,26.76222559165806,-2.3018784947509356,-3.7532018036808417,-99999,-2.2497,day-to-day,0.1435145540902779,True,0,bike
124,44810830,,100,6.453174410177364,-0.3267529011624363,-2.1530830355992325,-99999,-2.2497,day-to-day,0.051016889177659674,True,0,bike
125,44866141,,100,11.012218523194795,-0.6038611206185663,-2.465561953754584,-99999,-2.2497,day-to-day,0.06053500859359612,True,0,bike
126,44843629,,100,10.82126694152872,-0.5216091138415544,-2.4150983884654345,-99999,-2.2497,day-to-day,0.06110941690044923,True,0,bike
127,1448535850,,100,8.103338382619471,-0.3888071793073963,-2.2435105926991525,-99999,-2.2497,day-to-day,0.055145911743834625,True,0,bike
128,1576641163,,100,21.002630525331547,-1.4163940663722203,-3.203598406485372,-99999,-2.2497,day-to-day,0.09634366967419364,True,0,bike
129,44821573,,100,13.927007454500968,-0.677471540397836,-2.6126741703317515,-99999,-2.2497,day-to-day,0.06870469459655633,True,0,bike
130,1435362501,,100,8.11363811227576,-0.4431218379252117,-2.2788000967431428,-99999,-2.2497,day-to-day,0.053563705454495236,True,0,bike
131,479577554,,100,8.030381754436611,-0.37287739279767335,-2.230881070328304,-99999,-2.2497,day-to-day,0.055376570727732444,True,0,bike
132,1391531584,,100,10.958027889661786,-0.5500077709552131,-2.4351995675357614,-99999,-2.2497,day-to-day,0.06111729505827522,True,0,bike
133,1530303717,,100,8.140783760432697,-0.5346052695476152,-2.338337312129818,-99999,-2.2497,day-to-day,0.051052408583687564,True,0,bike
134,6280811247,,100,11.02861765796324,-0.5413580787705556,-2.43323559280336,-99999,-2.2497,day-to-day,0.06145665905223817,True,0,car
135,3581094279,,100,19.930784382965214,-0.9518942621304187,-2.982975143682104,-99999,-2.2497,day-to-day,0.08579720571997776,True,0,bike
136,311106487,,100,9.339593637047273,-0.8033192033749627,-2.528928943014301,-99999,-2.2497,day-to-day,0.050275721209483426,True,0,bike
137,1413911141,,100,7.473562521052295,-0.4197318790990104,-2.245727426936977,-99999,-2.2497,day-to-day,0.05173019135740817,True,0,bike
138,1679761048,,100,10.965128565065879,-0.9479840983546789,-2.6457156421904315,-99999,-2.2497,day-to-day,0.055621486206951315,True,0,bike
139,1449050806,,100,16.688847594888006,-1.4575854057735242,-3.0545585935234287,-99999,-2.2497,day-to-day,0.07943112658256019,True,0,bike
140,44856086,,100,21.46870502054192,-1.4193437971414054,-3.2241453725183726,-99999,-2.2497,day-to-day,0.09802759853094087,True,0,bike
141,3790294279,,100,18.879764522763118,-1.5153528331453772,-3.156904737303705,-99999,-2.2497,day-to-day,0.08947174394618829,True,0,car
142,7003131562,,100,8.758312169106226,-0.41636042906134435,-2.282186518252839,-99999,-2.2497,day-to-day,0.05664006102883973,True,0,rs
143,44816467,,100,19.622335347680078,-1.362356940594597,-3.126707317235809,-99999,-2.2497,day-to-day,0.09058120163192324,True,0,car
144,2560427063,,100,10.204383199086525,-0.5843823494045762,-2.4275530716457734,-99999,-2.2497,day-to-day,0.05806067989120553,True,0,car
145,44839614,,100,6.463817175294517,-0.31157035188736304,-2.1418553018131017,-99999,-2.2497,day-to-day,0.051731794913212364,True,0,bike
146,1566353937,,100,14.485256825175892,-0.695018717201745,-2.6434200389630167,-99999,-2.2497,day-to-day,0.07018171539894533,True,0,rs
147,1391531584,,100,10.085801720543962,-0.5865117829423437,-2.424870234558669,-99999,-2.2497,day-to-day,0.05759715084284772,True,0,bike
148,1410536806,,100,6.8952720059870325,-0.3155965997140265,-2.156800421060517,-99999,-2.2497,day-to-day,0.053273367729756105,True,0,bike
149,30016728,,100,9.908348241869547,-0.9289186569510944,-2.6120907447587633,-99999,-2.2497,day-to-day,0.05077310873003707,True,0,bike
150,260125215,,100,17.157168780332476,-1.9537249360581932,-3.274158743821282,-99999,-2.2497,day-to-day,0.08378421411061485,True,0,bike
151,8463975470,,100,16.812217133141072,-1.230448811492077,-2.964734084830435,-99999,-2.2497,day-to-day,0.07891832516218783,True,0,rs
152,1530303685,,100,10.52841999841658,-0.987051073095997,-2.6566223692018394,-99999,-2.2497,day-to-day,0.05295429169381918,True,0,bike
153,44900908,,100,9.385254764357985,-0.7491414633519037,-2.498228478832311,-99999,-2.2497,day-to-day,0.05158240907113246,True,0,bike
154,44817942,,100,9.749382870552928,-0.5928166417677878,-2.417830579350899,-99999,-2.2497,day-to-day,0.0562309642951315,True,0,bike
155,7003131561,,100,7.970588866031931,-0.48465608410399713,-2.3018037993115605,-99999,-2.2497,day-to-day,0.0517576362782273,True,0,car
156,5392221768,,100,12.181687332284982,-0.781116862162407,-2.5965049135324048,-99999,-2.2497,day-to-day,0.06256533648351378,True,0,bike
157,44813852,,100,7.2800882166510466,-0.3718426391458134,-2.207574542526112,-99999,-2.2497,day-to-day,0.05261820858857841,True,0,bike
158,549920740,,100,11.640120070904151,-1.0475202721141554,-2.7141784261854784,-99999,-2.2497,day-to-day,0.05757276296469713,True,0,car
159,4599961513,,100,33.26492218476534,-3.0450709767934194,-4.2668167326302315,-99999,-2.2497,day-to-day,0.21427174087447418,True,0,bike
160,44812602,,100,6.71047499936251,-0.32939484946870773,-2.161693509859912,-99999,-2.2497,day-to-day,0.05197691686576217,True,0,car
161,1433963001,,100,9.22518036943227,-0.6812898204829836,-2.454671535701136,-99999,-2.2497,day-to-day,0.05225960165867746,True,0,bike
162,44755694,,100,13.220950641498177,-0.7395946688305653,-2.61389871447495,-99999,-2.2497,day-to-day,0.0663749065259684,True,0,bike
163,2166211039,,100,14.63243238098473,-1.0709152094478702,-2.8171534535738303,-99999,-2.2497,day-to-day,0.07024200790269372,True,0,bike
164,4986579661,,100,10.643765765986917,-0.9507957694692047,-2.639572323875547,-99999,-2.2497,day-to-day,0.05405699870139216,True,0,bike
165,5368864466,,100,11.683760876105925,-1.056614423852375,-2.71990512859583,-99999,-2.2497,day-to-day,0.05767939552889975,True,0,bike
166,7003131561,,100,10.792782837567383,-0.7230804741742228,-2.521541104081754,-99999,-2.2497,day-to-day,0.058041894176090264,True,0,bike
167,1608998181,,100,9.058330620672956,-0.4646722312169213,-2.3213018578470956,-99999,-2.2497,day-to-day,0.056470171647283574,True,0,bike
168,44864086,,100,13.009526631291912,-0.9837804038582945,-2.72236029400555,-99999,-2.2497,day-to-day,0.06415818482751573,True,0,bike
169,44820019,,100,14.684718885494783,-1.2403366224861583,-2.8944084066874884,-99999,-2.2497,day-to-day,0.07021011393227705,True,0,bike
170,1570985012,,100,11.28369337196806,-0.7410001437371426,-2.546400023686534,-99999,-2.2497,day-to-day,0.05968415276058067,True,0,bike
171,44720695,,100,10.984799025069039,-1.1391358642319098,-2.7470778411100456,-99999,-2.2497,day-to-day,0.05316450744114701,True,0,bike
172,44834656,,100,7.29955347151188,-0.3986610575391373,-2.2267071823960576,-99999,-2.2497,day-to-day,0.051737233025224344,True,0,bike
173,629532237,,100,18.537660348792297,-1.110797205500022,-2.9846072836092485,-99999,-2.2497,day-to-day,0.08395045933205587,True,0,bike
174,44837714,,100,13.555508180115464,-0.9891002468757584,-2.742845683466612,-99999,-2.2497,day-to-day,0.06630216388814719,True,0,bike
175,1584013959,,100,7.921548233621706,-0.46415871788893404,-2.2871419031753115,-99999,-2.2497,day-to-day,0.05216629758607352,True,0,bike
176,1679761090,,100,15.030152959593945,-0.9537968066458767,-2.7798114783849606,-99999,-2.2497,day-to-day,0.07174775863438856,True,0,bike
177,4300794721,,100,15.726910286531545,-0.900645203420136,-2.783867746555968,-99999,-2.2497,day-to-day,0.07391423051826602,True,0,car
178,1668136752,,100,10.10343455711555,-0.5763672633682518,-2.4197970465045824,-99999,-2.2497,day-to-day,0.05784292537336852,True,0,car
179,1668136757,,100,20.17063566364861,-1.6189624538166496,-3.246128889980949,-99999,-2.2497,day-to-day,0.09625358561870626,True,0,bike
180,4555788280,,100,12.377519673030948,-1.0591443584212583,-2.739714582333094,-99999,-2.2497,day-to-day,0.060873483759409236,True,0,bike
181,565046997,,100,18.83886449735418,-1.1121837637087995,-2.997684495401355,-99999,-2.2497,day-to-day,0.08489418036193869,True,0,car
182,2635624112,,100,8.623354225348757,-0.5224411249904071,-2.343204889223256,-99999,-2.2497,day-to-day,0.05340750249512671,True,0,bike
183,1435362406,,100,9.938096407511622,-0.6416476733863171,-2.45114318403588,-99999,-2.2497,day-to-day,0.05603492566914223,True,0,bike
184,44805508,,100,7.375700055527369,-0.4240208009699845,-2.246167976473983,-99999,-2.2497,day-to-day,0.05117228964961254,True,0,car
185,1679761049,,100,13.243104956698868,-0.8989566790217822,-2.6899307721731764,-99999,-2.2497,day-to-day,0.06557642589015883,True,0,bike
186,643586473,,100,23.662679309925142,-1.2243070274955272,-3.249824920879133,-99999,-2.2497,day-to-day,0.10049229649464006,True,0,bike
187,44822489,,100,18.16593669682795,-1.5624925840423871,-3.1491482241868143,-99999,-2.2497,day-to-day,0.08678062397008812,True,0,bike
188,44859599,,100,9.603753344670848,-0.5287506466464281,-2.376593306819819,-99999,-2.2497,day-to-day,0.05697714527880707,True,0,bike
189,6248301254,,100,14.10601765104989,-1.0885300354256287,-2.807069343767507,-99999,-2.2497,day-to-day,0.06811368557419942,True,0,bike
190,1620149364,,100,9.927872196292203,-0.48732615320866324,-2.3640163151916385,-99999,-2.2497,day-to-day,0.0588990435310692,True,0,bike
191,630748809,,100,9.276272716118042,-0.5168739157420974,-2.3592276552837506,-99999,-2.2497,day-to-day,0.05604864622063421,True,0,bike
192,559613190,,100,14.803203382285364,-1.30926109914435,-2.92880887931548,-99999,-2.2497,day-to-day,0.07063769174485729,True,0,bike
193,44738668,,100,10.72695295548872,-0.8941868795329225,-2.611173012744519,-99999,-2.2497,day-to-day,0.05527320506962402,True,0,bike
194,44817944,,100,9.697459200889504,-0.5146118349272032,-2.371574201912644,-99999,-2.2497,day-to-day,0.057593728448924186,True,0,bike
195,1435362534,,100,11.848269127798062,-0.6994823150747717,-2.5441766113967716,-99999,-2.2497,day-to-day,0.0621949599037194,True,0,bike
196,1519890000,,100,10.629839255360364,-0.8696389604135374,-2.595537928567164,-99999,-2.2497,day-to-day,0.055191259814736826,True,0,bike
197,1584502763,,100,14.77708365552979,-0.9050635359375206,-2.7486752798409517,-99999,-2.2497,day-to-day,0.07090757377834961,True,0,bike
198,267538410,,100,15.635603315575342,-1.313738136359786,-2.957956976551822,-99999,-2.2497,day-to-day,0.07436066359263446,True,0,bike
199,4564972422,,100,16.62318855798928,-1.1136982227567553,-2.909064850695316,-99999,-2.2497,day-to-day,0.07764796759950546,True,0,rs
200,365993500,,100,30.44439395482087,-1.736751193809348,-3.7313007446310307,-99999,-2.2497,day-to-day,0.13672256382632966,True,0,rs
201,5356459943,,100,6.213487831213235,-0.27752198204345513,-2.1090254839850733,-99999,-2.2497,day-to-day,0.05228089374476813,True,0,bike
202,1584637090,,100,11.827040208076891,-0.6773083104049901,-2.532247262456278,-99999,-2.2497,day-to-day,0.06235596049245937,True,0,bike
203,1435362418,,100,11.366708205394605,-1.256652740485293,-2.8155238635299993,-99999,-2.2497,day-to-day,0.0537528688404747,True,0,bike
204,1421472381,,100,15.45488726781517,-1.3498126818740128,-2.9675218873868605,-99999,-2.2497,day-to-day,0.07358660154437338,True,0,bike
205,1371031395,,100,10.901885324533556,-0.7038741693755509,-2.5147335484303577,-99999,-2.2497,day-to-day,0.058737647911906,True,0,bike
206,2374392592,,100,9.473659511208224,-0.49645133725234836,-2.353677798845253,-99999,-2.2497,day-to-day,0.05719723631752324,True,0,rs
207,44861088,,100,11.309559628238055,-0.7226934264217765,-2.537743316222855,-99999,-2.2497,day-to-day,0.06001136844041369,True,0,bike
208,44868826,,100,10.6597420903632,-0.4808254332226494,-2.3872260669064707,-99999,-2.2497,day-to-day,0.061252150700997515,True,0,bike
209,503608237,,100,20.18328686979683,-1.4370051733809348,-3.177772791233405,-99999,-2.2497,day-to-day,0.09368674993351736,True,0,bike
210,7170315205,,100,11.311466261237488,-0.6127672639629266,-2.480835262388921,-99999,-2.2497,day-to-day,0.06140195016491204,True,0,bike
211,44827614,,100,16.901602800728107,-1.1323510489727808,-2.9275699317531947,-99999,-2.2497,day-to-day,0.07872191346246318,True,0,bike
212,1413910858,,100,8.181701046340045,-0.5029200725395822,-2.3190476167003613,-99999,-2.2497,day-to-day,0.052117309878433604,True,0,bike
213,44864976,,100,7.951363620246736,-0.4588731945244392,-2.284483001685981,-99999,-2.2497,day-to-day,0.05244828140274721,True,0,car
214,629555884,,100,18.380022941334445,-0.9550464142794506,-2.9164358336093716,-99999,-2.2497,day-to-day,0.08186653966885887,True,0,car
215,1435362424,,100,10.716437200986208,-1.094719781538078,-2.7183815571066177,-99999,-2.2497,day-to-day,0.052354375988513224,True,0,bike
216,44814389,,100,15.371273430768932,-1.2813322739961972,-2.9350606981920437,-99999,-2.2497,day-to-day,0.07318354989133888,True,0,bike
217,1830058780,,100,5.784420733765054,-0.28393793241808063,-2.1034595134220817,-99999,-2.2497,day-to-day,0.050129443226148485,True,0,car
218,4552156086,,100,7.283856005069826,-0.3897510416579475,-2.2201121670006287,-99999,-2.2497,day-to-day,0.05198960273345621,True,0,bike
219,1448535812,,100,11.56369644649958,-1.1301329022680113,-2.7545054052145135,-99999,-2.2497,day-to-day,0.056266866996820625,True,0,bike
220,1566353769,,100,11.743322156396383,-0.9425581806795618,-2.6636385985686806,-99999,-2.2497,day-to-day,0.059197374791416124,True,0,bike
221,366654673,,100,10.565885062745684,-0.9228126615079162,-2.6226788329646213,-99999,-2.2497,day-to-day,0.05409928850034629,True,0,car
222,1530303709,,100,10.973832534444956,-0.5508010411983134,-2.4361969214008754,-99999,-2.2497,day-to-day,0.06115526487087558,True,0,bike
223,1831506883,,100,12.117267573029576,-1.4977077356570925,-2.9505285463401876,-99999,-2.2497,day-to-day,0.055440231778586674,True,0,bike
224,5605799278,,100,11.188016905115578,-1.1898953223786202,-2.7775658282405242,-99999,-2.2497,day-to-day,0.05359604246779215,True,0,bike
225,1838103225,,100,12.043071764777183,-0.9053713728942491,-2.653799949563026,-99999,-2.2497,day-to-day,0.0608490592880199,True,0,bike
226,1448535806,,100,10.814299495982025,-0.922988446093737,-2.6287325158055266,-99999,-2.2497,day-to-day,0.05526429531995744,True,0,car
227,44712548,,100,9.38999488170385,-0.7163001095593088,-2.4791757503009464,-99999,-2.2497,day-to-day,0.052269939323409786,True,0,bike
228,629532196,,100,12.114732125012996,-1.3179213254397475,-2.8611047165219725,-99999,-2.2497,day-to-day,0.05717670815336995,True,0,bike
229,44859599,,100,18.567270005487014,-1.215207191559119,-3.0269605666030017,-99999,-2.2497,day-to-day,0.08513790278815803,True,0,car
230,1448535729,,100,16.29360158434749,-1.4843108963305356,-3.052461303342147,-99999,-2.2497,day-to-day,0.07768464653086632,True,0,bike
231,44816475,,100,11.449942344567878,-0.7063469432363925,-2.533963662399014,-99999,-2.2497,day-to-day,0.060723409592883776,True,0,bike
232,1571088417,,100,8.585228984334602,-0.38725106205338616,-2.2584236971793668,-99999,-2.2497,day-to-day,0.05683783854031399,True,0,bike
233,1580650064,,100,12.715034093419064,-0.6381958167800216,-2.5460756392467765,-99999,-2.2497,day-to-day,0.06547411940510862,True,0,car
234,1848200749,,100,18.37004163020146,-1.3200916027036438,-3.0605551963834197,-99999,-2.2497,day-to-day,0.08547597044473693,True,0,bike
235,2374392592,,100,13.336435599652772,-0.7490038598000547,-2.6227049544482517,-99999,-2.2497,day-to-day,0.06668910468083751,True,0,bike
236,4846026455,,100,10.534574794555981,-0.696464149834306,-2.4993315990646323,-99999,-2.2497,day-to-day,0.05743710966153262,True,0,bike
237,44843606,,100,9.688108243106493,-0.6019436942736356,-2.4211803496222446,-99999,-2.2497,day-to-day,0.05581685170349415,True,0,bike
238,6597272889,,100,8.68875627159592,-0.5340881938413662,-2.352188971580963,-99999,-2.2497,day-to-day,0.05337688260783885,True,0,bike
239,1575265140,,100,10.390118555787746,-0.6984006801677061,-2.496033094060677,-99999,-2.2497,day-to-day,0.056837340178550216,True,0,bike
240,3377240326,,100,7.973859382899978,-0.4619345338951546,-2.287085044698257,-99999,-2.2497,day-to-day,0.052448148510022635,True,0,bike
241,1584637090,,100,6.481103434459924,-0.3152696759562839,-2.1451044907799304,-99999,-2.2497,day-to-day,0.05163970859634631,True,0,bike
242,44834683,,100,12.508879696936335,-0.8878385846228847,-2.659888266175332,-99999,-2.2497,day-to-day,0.06286914680848485,True,0,bike
243,2328071529,,100,6.724327752229445,-0.3152065991233953,-2.151630979209655,-99999,-2.2497,day-to-day,0.05262610503797491,True,0,bike
244,1565882142,,100,19.68193149718963,-1.375198422521414,-3.134030182621813,-99999,-2.2497,day-to-day,0.09096814031477526,True,0,bike
245,1854067405,,100,14.130425982692232,-0.7404814229130156,-2.6496028900641377,-99999,-2.2497,day-to-day,0.06912068931960341,True,0,bike
246,44866496,,100,7.570622848063701,-0.41681325860489393,-2.246314370858226,-99999,-2.2497,day-to-day,0.05222742474132927,True,0,bike
247,313319585,,100,11.099446691791684,-0.5693769498518207,-2.4505580277481096,-99999,-2.2497,day-to-day,0.06129115416057626,True,0,bike
248,1413911135,,100,8.345073490009353,-0.5646276723340328,-2.36234676766997,-99999,-2.2497,day-to-day,0.051133544461309605,True,0,bike
249,44890549,,100,7.599381356475852,-0.37974953014016105,-2.2221197433450177,-99999,-2.2497,day-to-day,0.053582367613012716,True,0,bike
250,1402734501,,100,11.007468808022626,-0.7423314658921482,-2.538375971257497,-99999,-2.2497,day-to-day,0.05860656235940481,True,0,car
251,44858614,,100,9.88769592497705,-0.5247070637521156,-2.383688476502539,-99999,-2.2497,day-to-day,0.05804854179237179,True,0,bike
252,1519889948,,100,7.990848574360834,-0.39754471657445156,-2.245656640994305,-99999,-2.2497,day-to-day,0.054472015862172624,True,0,bike
253,44801590,,100,9.889612830128323,-0.6385173581478851,-2.447944259148387,-99999,-2.2497,day-to-day,0.055902100904033,True,0,bike
254,503608237,,100,11.868776599809037,-0.8634007475178861,-2.6274005610667768,-99999,-2.2497,day-to-day,0.06056307823492976,True,0,bike
255,6597272889,,100,16.5967877723717,-0.9247730146765514,-2.829282807389169,-99999,-2.2497,day-to-day,0.07661462163039622,True,0,bike
256,7098468085,,100,9.860717563297518,-0.6148486091301447,-2.433717133851684,-99999,-2.2497,day-to-day,0.05623383671552365,True,0,rs
257,44841575,,100,18.297943281937915,-1.3108646567180322,-3.0540877881717785,-99999,-2.2497,day-to-day,0.08511846285915572,True,0,rs
258,7229895333,,100,12.906924710129623,-1.093030089591055,-2.7714014892024226,-99999,-2.2497,day-to-day,0.06298294395042542,True,0,bike
259,44812871,,100,36.8917695388512,-2.846855873603061,-4.367898411582316,-99999,-2.2497,day-to-day,0.22408200555157726,True,0,car
260,6248301254,,100,11.556037452855676,-1.0195121442157706,-2.697746816341362,-99999,-2.2497,day-to-day,0.05749293241023773,True,0,bike
261,1402734468,,100,22.960539323581237,-1.9241187070264671,-3.4679470281766704,-99999,-2.2497,day-to-day,0.11427316434901888,True,0,bike
262,1393024904,,100,14.99133673868186,-1.2463464223723684,-2.9071055540738575,-99999,-2.2497,day-to-day,0.07154072102200199,True,0,bike
263,44729058,,100,10.070651093743184,-0.9174139354153513,-2.608850671791042,-99999,-2.2497,day-to-day,0.05178216837501168,True,0,bike
264,1569975372,,100,12.57345549865307,-0.64221019535287,-2.542549410865764,-99999,-2.2497,day-to-day,0.06502776666736383,True,0,bike
265,44713428,,100,11.343419460226185,-0.6847266100174534,-2.5192107813594937,-99999,-2.2497,day-to-day,0.060608311439236284,True,0,bike
266,1608998330,,100,15.864479205437041,-1.1575781660233895,-2.89907066303987,-99999,-2.2497,day-to-day,0.0750235854121516,True,0,bike
267,44875431,,100,12.525296278221532,-1.1437961391313256,-2.785182950323888,-99999,-2.2497,day-to-day,0.060837953352548574,True,0,bike
268,1615493865,,100,12.78128118546922,-0.6726078216735482,-2.565229552576943,-99999,-2.2497,day-to-day,0.06542988375505836,True,0,car
269,4246212797,,100,14.794124536463949,-0.935547559853677,-2.762840387372422,-99999,-2.2497,day-to-day,0.07095039983262852,True,0,bike
270,1576745682,,100,8.172151840648002,-0.4788426970184138,-2.3033773970807365,-99999,-2.2497,day-to-day,0.05276097765077595,True,0,bike
271,1584596445,,100,13.280022692475457,-1.1451806235144673,-2.8072026622502575,-99999,-2.2497,day-to-day,0.06431880188626554,True,0,bike
272,44806814,,100,13.258124773225498,-0.9204968717552985,-2.700607862316893,-99999,-2.2497,day-to-day,0.065512481958369,True,0,car
273,1580679747,,100,8.5688054602092,-0.4679805497618476,-2.3079260530408043,-99999,-2.2497,day-to-day,0.054611108485763754,True,0,bike
274,5356459943,,100,16.47232491555833,-0.8231403786136893,-2.7816554512416998,-99999,-2.2497,day-to-day,0.07574328035336728,True,0,bike
275,44852053,,100,8.61753114675911,-0.544953519651831,-2.35695035678505,-99999,-2.2497,day-to-day,0.05281046892038793,True,0,bike
276,44812020,,100,12.603429837107168,-0.9140567470307321,-2.6757213594286338,-99999,-2.2497,day-to-day,0.0630309487126072,True,0,car
277,44852792,,100,16.62500878274985,-0.84915003192692,-2.798939805789976,-99999,-2.2497,day-to-day,0.07629007506107033,True,0,bike
278,244183905,,100,9.888746292331229,-0.5247628032463774,-2.383755363895653,-99999,-2.2497,day-to-day,0.058051062244396934,True,0,bike
279,365993500,,100,7.840062354376781,-0.4853869715398603,-2.2990033699135664,-99999,-2.2497,day-to-day,0.05117914999258516,True,0,bike
280,44835823,,100,13.117116729841266,-0.6960816611302434,-2.589337993356292,-99999,-2.2497,day-to-day,0.06629652569021371,True,0,bike
281,1402771602,,100,12.661639097508369,-1.4866030464384576,-2.9549075907288023,-99999,-2.2497,day-to-day,0.05871690186766293,True,0,bike
282,2595466387,,100,25.821614108979094,-1.141889157263742,-3.3208448201692393,-99999,-2.2497,day-to-day,0.10341981311135424,True,0,bike
283,1436427094,,100,6.709319507973525,-0.3100525640623632,-2.1474157347022675,-99999,-2.2497,day-to-day,0.0527843637602258,True,0,bike
284,1840078410,,100,12.808195099961797,-0.583399055475371,-2.5233440310663804,-99999,-2.2497,day-to-day,0.06611314218449908,True,0,bike
285,1519889795,,100,12.975327567481798,-1.1131677690448942,-2.7830389367233463,-99999,-2.2497,day-to-day,0.06315005751710911,True,0,bike
286,1517579041,,100,6.591198937370884,-0.3381138583783767,-2.1650677286188236,-99999,-2.2497,day-to-day,0.051114349648472446,True,0,bike
287,1584637042,,100,10.172668352746957,-0.737767120800555,-2.511471024745883,-99999,-2.2497,day-to-day,0.055289245067639325,True,0,car
288,4986579668,,100,12.928772514028378,-1.137760711840084,-2.7934470037791232,-99999,-2.2497,day-to-day,0.06276856023583052,True,0,bike
289,1436427185,,100,18.623787317091896,-0.8730003770371921,-2.8946543890344483,-99999,-2.2497,day-to-day,0.0816057553200553,True,0,bike
290,44843109,,100,7.758495902682218,-0.4082865366031503,-2.2458228232229667,-99999,-2.2497,day-to-day,0.05325425777875306,True,0,bike
291,30016684,,100,11.941736465690338,-1.0984274573063433,-2.7475296399072358,-99999,-2.2497,day-to-day,0.05847039840602297,True,0,bike
292,3420136000,,100,13.404377478333327,-0.8802654690021496,-2.6867907253173184,-99999,-2.2497,day-to-day,0.06626206781921931,True,0,bike
293,7229895330,,100,12.211322314380773,-1.0746234999373176,-2.742746870803937,-99999,-2.2497,day-to-day,0.05997368959432542,True,0,bike
294,3377240345,,100,9.579690956386916,-0.5295440278669435,-2.376271072325654,-99999,-2.2497,day-to-day,0.05687486204655795,True,0,bike
295,44865435,,100,11.072861966396923,-1.3833080391020425,-2.877001482837205,-99999,-2.2497,day-to-day,0.05051543728223121,True,0,car
296,715714846,,100,6.856786592525997,-0.3350606861696676,-2.1697949457439796,-99999,-2.2497,day-to-day,0.05233564012738767,True,0,bike
297,4244384215,,100,8.058377367763379,-0.39555888372561177,-2.2464550023944323,-99999,-2.2497,day-to-day,0.054779479509513895,True,0,bike
298,44864084,,100,12.472831838617502,-0.9652585972885657,-2.6965433290270155,-99999,-2.2497,day-to-day,0.0620876035819618,True,0,bike
299,5264539952,,100,10.986655922783827,-0.6388984567008191,-2.4831528989758924,-99999,-2.2497,day-to-day,0.05996008468163805,True,0,bike
300,1530303598,,100,11.999910232330738,-0.6208753554207925,-2.5102343074131763,-99999,-2.2497,day-to-day,0.06348455362834882,True,0,bike
301,3669218076,,100,12.422751991154758,-1.1893680786909246,-2.8047756547354643,-99999,-2.2497,day-to-day,0.05995470941880762,True,0,bike
302,3510592637,,100,8.999314819695716,-0.6128733376986554,-2.408306307304917,-99999,-2.2497,day-to-day,0.05278334963249909,True,0,car
303,44857299,,100,14.307372060976618,-0.8731312256411998,-2.716566789164066,-99999,-2.2497,day-to-day,0.06939546498247831,True,0,bike
304,44831011,,100,11.332644361188482,-0.6013856607670689,-2.4757027929204822,-99999,-2.2497,day-to-day,0.06161370558665068,True,0,bike
305,582004773,,100,8.230512093739174,-0.4913615719962287,-2.3129581561736714,-99999,-2.2497,day-to-day,0.05264447768799799,True,0,bike
306,1435362462,,100,21.76504661934008,-1.2945607895332154,-3.1910346318396234,-99999,-2.2497,day-to-day,0.09664513314008953,True,0,bike
307,4017942939,,100,10.40931962624222,-0.49024425666392113,-2.3829847461653717,-99999,-2.2497,day-to-day,0.06035360975595137,True,0,bike
308,4474353184,,100,9.84716394972927,-0.5269108016567359,-2.383570327263647,-99999,-2.2497,day-to-day,0.057866926924476314,True,0,car
309,4244308801,,100,5.339523384756942,-0.23966747352669573,-2.0558722023231075,-99999,-2.2497,day-to-day,0.05058336815428913,True,0,bike
310,44898446,,100,12.055231179779724,-0.6610552990938768,-2.5323499944257533,-99999,-2.2497,day-to-day,0.06326617860214263,True,0,bike
311,1569975455,,100,18.842641860724694,-0.9499203850053343,-2.934388271743524,-99999,-2.2497,day-to-day,0.08303402593648446,True,0,bike
312,1803176443,,100,19.8977344891457,-1.3022846137207094,-3.1149793663014744,-99999,-2.2497,day-to-day,0.0907338842620799,True,0,bike
313,1608998181,,100,7.263142791461076,-0.42557981678633316,-2.2444867408241342,-99999,-2.2497,day-to-day,0.05063388736370003,True,0,bike
314,1390232505,,100,32.84844300676341,-1.4744206134935796,-3.7626294982576276,-99999,-2.2497,day-to-day,0.13120420408398042,True,0,rs
315,3452720263,,100,9.939288714484103,-0.45492124446193744,-2.346201170007677,-99999,-2.2497,day-to-day,0.05955770421811998,True,0,bike
316,260125198,,100,12.570009695356253,-0.9699997148357636,-2.7018524574673917,-99999,-2.2497,day-to-day,0.06245351114897593,True,0,bike
317,44882710,,100,18.11605678762659,-1.9427458009530898,-3.298967907054003,-99999,-2.2497,day-to-day,0.08934050046109235,True,0,car
318,1679761119,,100,28.392395094052805,-2.0591426806433497,-3.7426063024530727,-99999,-2.2497,day-to-day,0.1424842466672153,True,0,bike
319,1934419111,,100,13.675321749403876,-1.3788371075865615,-2.927447162352345,-99999,-2.2497,day-to-day,0.06494416888282051,True,0,bike
320,2296738292,,100,8.517338502063936,-0.41055464321837526,-2.270625691819868,-99999,-2.2497,day-to-day,0.05597152483817633,True,0,bike
321,44759018,,100,11.615084765148998,-0.5367588782970133,-2.4530896071966426,-99999,-2.2497,day-to-day,0.06324166939710774,True,0,bike
322,44843624,,100,7.490941426164236,-0.36439268404163366,-2.208517828490109,-99999,-2.2497,day-to-day,0.05369822732493382,True,0,car
323,1436427185,,100,22.73347046627766,-1.0103512057562667,-3.131455740561721,-99999,-2.2497,day-to-day,0.09334618896988957,True,0,bike
324,44831889,,100,13.191463851865656,-0.6883598981544654,-2.5885549947032302,-99999,-2.2497,day-to-day,0.06656195288740148,True,0,bike
325,44839614,,100,23.10402594560594,-2.0076628412533375,-3.503414211764156,-99999,-2.2497,day-to-day,0.11680466223043193,True,0,bike
326,7229895330,,100,18.913852742584165,-1.0747901897933134,-2.9862251568317957,-99999,-2.2497,day-to-day,0.0846880679437514,True,0,car
327,44840453,,100,15.831923340915143,-0.7351289737964931,-2.7173331933838627,-99999,-2.2497,day-to-day,0.07371724066670644,True,0,car
328,1584502773,,100,10.97457050769399,-0.7595256369030395,-2.546437002322236,-99999,-2.2497,day-to-day,0.05824054101879797,True,0,bike
329,44844070,,100,7.994158307818337,-0.4047797647173217,-2.250463287145024,-99999,-2.2497,day-to-day,0.05426149824040319,True,0,bike
330,7399789770,,100,12.025678539360399,-0.8296114768353428,-2.6154369698557938,-99999,-2.2497,day-to-day,0.06152183900236241,True,0,bike
331,44868826,,100,17.8594357435847,-1.1412377878325553,-2.969032281026073,-99999,-2.2497,day-to-day,0.08205683118932522,True,0,car
332,1435362342,,100,19.596947635322365,-1.5815825461018223,-3.2098011970681384,-99999,-2.2497,day-to-day,0.09329337962008258,True,0,bike
333,1402771664,,100,9.990124880931237,-0.8283478547105484,-2.557312197956861,-99999,-2.2497,day-to-day,0.05291569224411016,True,0,car
334,1435362481,,100,15.585357125203133,-1.1992412795939638,-2.9069192073629058,-99999,-2.2497,day-to-day,0.07400508916724766,True,0,bike
335,44791815,,100,21.7908925668377,-2.1441027680625697,-3.502410585826034,-99999,-2.2497,day-to-day,0.11257726663428355,True,0,bike
336,1569975130,,100,17.88224357355568,-1.4234265884550321,-3.0831963766610277,-99999,-2.2497,day-to-day,0.08443606305800874,True,0,bike
337,44899446,,100,10.046882477294787,-0.5442619502005638,-2.4000269535018894,-99999,-2.2497,day-to-day,0.05822758196394756,True,0,bike
338,1433963035,,100,12.902831338358052,-0.627651062214795,-2.5483604621318268,-99999,-2.2497,day-to-day,0.06608426239643397,True,0,bike
339,4176994573,,100,10.793213902181218,-0.489232401266092,-2.3967863646623018,-99999,-2.2497,day-to-day,0.061510647214162814,True,0,rs
340,44829650,,100,15.993357840640837,-1.0219933364145501,-2.846156856692917,-99999,-2.2497,day-to-day,0.07511683964434798,True,0,rs
341,44864995,,100,23.37252809397731,-1.5452097712441601,-3.350348111769228,-99999,-2.2497,day-to-day,0.10730262545402072,True,0,bike
342,3201816984,,100,10.917155782628075,-0.7990023713843653,-2.565613541141669,-99999,-2.2497,day-to-day,0.057458968576120206,True,0,bike
343,2612573901,,100,9.684197866048448,-0.5802878963534742,-2.4086816793623322,-99999,-2.2497,day-to-day,0.056230834622632814,True,0,bike
344,44779306,,100,9.325850384168337,-0.6412972826953269,-2.433707250258932,-99999,-2.2497,day-to-day,0.05354566149502504,True,0,bike
345,1402734944,,100,8.576311909771361,-0.49683527816851025,-2.3260353409789025,-99999,-2.2497,day-to-day,0.0538817942287059,True,0,bike
346,1435362502,,100,9.845484787243585,-0.9230251382316276,-2.6075760870227187,-99999,-2.2497,day-to-day,0.05055672073335166,True,0,bike
347,552370944,,100,12.362238800119263,-0.5740199549522045,-2.5009867966501034,-99999,-2.2497,day-to-day,0.06496817328457709,True,0,bike
348,1448535914,,100,6.326040742737886,-0.2881441268975521,-2.120306720794134,-99999,-2.2497,day-to-day,0.05223318431716509,True,0,bike
349,1530303630,,100,13.05867898561128,-0.7074176599371979,-2.5924840968238776,-99999,-2.2497,day-to-day,0.0660526274629952,True,0,bike
350,44847005,,100,7.1918995826232575,-0.36574804877407396,-2.2008797476060225,-99999,-2.2497,day-to-day,0.052490229763511725,True,0,bike
351,44818949,,100,11.977442653727213,-0.8580639917130175,-2.628119755167061,-99999,-2.2497,day-to-day,0.061051606440466644,True,0,bike
352,970525366,,100,10.258143186394763,-0.650970368671738,-2.466011538825696,-99999,-2.2497,day-to-day,0.05711177509307186,True,0,car
353,44857676,,100,8.62108971366504,-0.3907748387432948,-2.26182746188715,-99999,-2.2497,day-to-day,0.056860090207605796,True,0,car
354,736761133,,100,12.108718756338302,-1.0281109472048309,-2.7168555314439855,-99999,-2.2497,day-to-day,0.05994357839498776,True,0,rs
355,5159209866,,100,7.301136915780975,-0.41004807393896137,-2.234640613785236,-99999,-2.2497,day-to-day,0.051341997825453345,True,0,bike
356,1402771499,,100,17.815339593904497,-1.3865876754153579,-3.06591022286627,-99999,-2.2497,day-to-day,0.08387587073961678,True,0,car
357,1371031395,,100,13.89851051607588,-0.7990099267797401,-2.6673096100757085,-99999,-2.2497,day-to-day,0.06825931639703553,True,0,bike
358,44833595,,100,28.568873943151736,-1.5160549105832526,-3.573305892699903,-99999,-2.2497,day-to-day,0.1224910506793344,True,0,rs
359,5172677176,,100,9.239227412559561,-0.43309391786784757,-2.308665784933397,-99999,-2.2497,day-to-day,0.0578190029862595,True,0,bike
360,1436427166,,100,15.4092504216557,-0.8347533381198042,-2.7426882233331566,-99999,-2.2497,day-to-day,0.07282282434175666,True,0,bike
361,44727438,,100,16.503564288111942,-1.5764204608004528,-3.097945237049231,-99999,-2.2497,day-to-day,0.07896446812803881,True,0,bike
362,1510592029,,100,20.228790986463988,-1.3552615667897991,-3.1487148217063154,-99999,-2.2497,day-to-day,0.09264459284160018,True,0,bike
363,1830058778,,100,8.066778395452182,-0.5083414852200784,-2.319605337229345,-99999,-2.2497,day-to-day,0.05147585733807308,True,0,bike
364,1668136757,,100,16.927098650532578,-1.7104457028615383,-3.1671258422939035,-99999,-2.2497,day-to-day,0.08159154468522825,True,0,rs
365,1571088337,,100,7.97497748720162,-0.4884496489189055,-2.3043874017712804,-99999,-2.2497,day-to-day,0.05166395835618018,True,0,bike
366,44770870,,100,18.40439560856449,-1.8760009430378868,-3.2818161155687324,-99999,-2.2497,day-to-day,0.09047598049553149,True,0,car
367,44862227,,100,9.945595279072583,-0.521182344607667,-2.383668058397652,-99999,-2.2497,day-to-day,0.05831243468631209,True,0,bike
368,44840845,,100,7.670954521998928,-0.36297252141538483,-2.2130104909171537,-99999,-2.2497,day-to-day,0.054413955362049155,True,0,bike
369,5264539941,,100,10.294398686805515,-0.7943958702192554,-2.545972597690331,-99999,-2.2497,day-to-day,0.05486842102008832,True,0,bike
370,2047160810,,100,16.51733051265575,-1.548518088150935,-3.0867272901684526,-99999,-2.2497,day-to-day,0.07894644536163686,True,0,car
371,1519889796,,100,11.668031934580744,-1.1016307528634774,-2.7424017119011133,-99999,-2.2497,day-to-day,0.05710633357492875,True,0,bike
372,1575265336,,100,8.029016311042795,-0.4367249605453212,-2.272234124348402,-99999,-2.2497,day-to-day,0.05342432642085085,True,0,bike
373,44774832,,100,11.994807617260452,-0.6577419394744867,-2.5284808454508525,-99999,-2.2497,day-to-day,0.06310488669891376,True,0,bike
374,1583992767,,100,8.760722926676806,-0.5850021404971364,-2.38529479140841,-99999,-2.2497,day-to-day,0.052420634700245466,True,0,bike
375,1830076522,,100,20.233305632345996,-2.004266293038789,-3.3941753441642524,-99999,-2.2497,day-to-day,0.10180457495863598,True,0,bike
376,44847014,,100,7.8342092752925225,-0.4278609872316149,-2.2609195696551794,-99999,-2.2497,day-to-day,0.052930065308643,True,0,car
377,3669218090,,100,11.4763605255246,-0.7054391299923022,-2.5343880245529657,-99999,-2.2497,day-to-day,0.06082879387719706,True,0,car
378,4552156086,,100,11.808179785306262,-0.7310575307080722,-2.5587122467485335,-99999,-2.2497,day-to-day,0.06172262963897415,True,0,rs
379,1563023404,,100,16.55150643222529,-1.61759711418408,-3.116684697506905,-99999,-2.2497,day-to-day,0.07932906526062161,True,0,bike
380,44844070,,100,11.064118503328011,-0.6238318816126445,-2.4778822648991357,-99999,-2.2497,day-to-day,0.06043432226200457,True,0,bike
381,3669180604,,100,7.45716097475951,-0.35450514700565067,-2.200767705128368,-99999,-2.2497,day-to-day,0.053918252037490344,True,0,bike
382,1435362514,,100,9.75370787005368,-0.5909229725806078,-2.416885358820304,-99999,-2.2497,day-to-day,0.0562843058595284,True,0,bike
383,5198175608,,100,9.679460512544205,-0.7576436391852102,-2.509969432369388,-99999,-2.2497,day-to-day,0.052769092055496736,True,0,bike
384,44864984,,100,13.268664034426457,-1.1207303361878116,-2.79534183866446,-99999,-2.2497,day-to-day,0.06441160929919743,True,0,bike
385,7170315205,,100,8.548472897455227,-0.481991396868184,-2.3160172411319273,-99999,-2.2497,day-to-day,0.054163227691865434,True,0,bike
386,44812880,,100,11.748873124093128,-0.7741463044499675,-2.5785107946752017,-99999,-2.2497,day-to-day,0.06104440618564003,True,0,bike
387,44859203,,100,16.593085030946597,-1.280451498315858,-2.977434011972071,-99999,-2.2497,day-to-day,0.07829052222594435,True,0,bike
388,1391417377,,100,9.617625508353571,-0.7485504795657233,-2.5032774228897745,-99999,-2.2497,day-to-day,0.05266202243111573,True,0,bike
389,7098468101,,100,12.126759080933883,-1.327273781408214,-2.866001438176534,-99999,-2.2497,day-to-day,0.057151484056881946,True,0,bike
390,4715765487,,100,15.774827619956163,-1.1789405059705462,-2.9049536202264497,-99999,-2.2497,day-to-day,0.07472312321210112,True,0,bike
391,1569647751,,100,22.602156798707963,-1.3143656448599763,-3.2346422497567646,-99999,-2.2497,day-to-day,0.09958688148201321,True,0,bike
392,44770870,,100,6.60824165111723,-0.3316823334510207,-2.160705823642825,-99999,-2.2497,day-to-day,0.05145890207980508,True,0,bike
393,44852792,,100,15.77292006441933,-0.7568022301575777,-2.7241087374500346,-99999,-2.2497,day-to-day,0.07363581194067689,True,0,bike
394,1530303707,,100,6.679484520974057,-0.3396888961388696,-2.168475757807464,-99999,-2.2497,day-to-day,0.0514202823763546,True,0,bike
395,3669180587,,100,8.141793976388595,-0.5472732982173383,-2.3464965266571554,-99999,-2.2497,day-to-day,0.050703742957470904,True,0,bike
396,44891422,,100,22.631508792269287,-1.9165618951337646,-3.452159112269843,-99999,-2.2497,day-to-day,0.1125586809031856,True,0,bike
397,4599961513,,100,14.36535295834345,-1.2800646791114108,-2.9021223328117083,-99999,-2.2497,day-to-day,0.06868661066862469,True,0,bike
398,1530303685,,100,14.678311931871775,-1.7882913611308981,-3.1381833587441754,-99999,-2.2497,day-to-day,0.06886952000316285,True,0,car
399,1608998231,,100,6.779669797522121,-0.3178007882420703,-2.155086634903588,-99999,-2.2497,day-to-day,0.052735584712867906,True,0,bike
400,4846026470,,100,21.332416942819982,-1.7452287327775948,-3.3386060056544995,-99999,-2.2497,day-to-day,0.10331766211479562,True,0,bike
401,44840841,,100,14.181065883630797,-0.9155926404066872,-2.731092424306012,-99999,-2.2497,day-to-day,0.06887402901972742,True,0,bike
402,44843105,,100,14.624917879847619,-1.080066435335502,-2.8209729292243475,-99999,-2.2497,day-to-day,0.07020043744673707,True,0,bike
403,5279883912,,100,43.713794463002834,-2.8126912483978126,-4.676919609182913,-99999,-2.2497,day-to-day,0.2540042303831968,True,0,rs
404,44841824,,100,14.787816401602635,-1.6250660061863398,-3.0683653249489806,-99999,-2.2497,day-to-day,0.06996137851706788,True,0,bike
405,44809487,,100,10.372766439477509,-1.1077768798480665,-2.719471515024553,-99999,-2.2497,day-to-day,0.05032450120873083,True,0,car
406,1402734973,,100,7.631930252340967,-0.4775637955789847,-2.288781857840024,-99999,-2.2497,day-to-day,0.050515119498572736,True,0,bike
407,44827063,,100,8.292679602250866,-0.3832231525969064,-2.2460734947454943,-99999,-2.2497,day-to-day,0.055971562563086774,True,0,bike
408,44735955,,100,7.228369905092445,-0.4219440459265964,-2.2411183054822255,-99999,-2.2497,day-to-day,0.0506106596371432,True,0,bike
409,44718819,,100,12.130526921045194,-1.1774832914993658,-2.7916672869100045,-99999,-2.2497,day-to-day,0.05861412189563864,True,0,car
410,44732927,,100,8.337018785012226,-0.47744253910923906,-2.30707030467983,-99999,-2.2497,day-to-day,0.05346068922775507,True,0,bike
411,44868262,,100,11.414329632936813,-0.9388666600744959,-2.652605757869413,-99999,-2.2497,day-to-day,0.05778965443807885,True,0,bike
412,1584502800,,100,15.663487603368864,-0.7827218794154571,-2.7306494513685324,-99999,-2.2497,day-to-day,0.07342095763657634,True,0,bike
413,44739628,,100,17.546584407836264,-1.3074739890474705,-3.023885543718672,-99999,-2.2497,day-to-day,0.08222104012955331,True,0,bike
414,8463975470,,100,14.04317367766529,-1.0339988778864955,-2.780092192072071,-99999,-2.2497,day-to-day,0.06803275521794289,True,0,bike
415,1571087423,,100,11.102928442758419,-0.5990153260739755,-2.4662224679105087,-99999,-2.2497,day-to-day,0.06090081896355792,True,0,bike
416,44768025,,100,19.305436183799575,-1.878204435837212,-3.3133560339877395,-99999,-2.2497,day-to-day,0.09533069222194318,True,0,bike
417,1608998194,,100,16.035528324588046,-1.4501640954072732,-3.0295488555062606,-99999,-2.2497,day-to-day,0.07638885889719191,True,0,rs
418,44834972,,100,11.45208779460552,-0.6203850449177692,-2.4898211346172863,-99999,-2.2497,day-to-day,0.06176470909352258,True,0,bike
419,1570985012,,100,10.583554870898693,-0.4914297311720627,-2.39007992471677,-99999,-2.2497,day-to-day,0.06085941247627091,True,0,bike
420,1448391082,,100,13.124325531319196,-1.30587039036626,-2.878838286268591,-99999,-2.2497,day-to-day,0.06256762229317778,True,0,car
421,1402734615,,100,9.974098459991136,-0.696901341731203,-2.4832084266231034,-99999,-2.2497,day-to-day,0.055173510751170246,True,0,bike
422,1413911137,,100,8.346533095958268,-0.4189310439374699,-2.270400898413013,-99999,-2.2497,day-to-day,0.055134497160650775,True,0,bike
423,44768025,,100,8.078794327375782,-0.4233557520689156,-2.2650378360531915,-99999,-2.2497,day-to-day,0.054016219618062744,True,0,car
424,1413910857,,100,10.864324497479991,-0.8143535499161085,-2.5722481966494932,-99999,-2.2497,day-to-day,0.05702185701636625,True,0,car
425,1576641163,,100,10.47791645863528,-0.8826946088636315,-2.5988430218443055,-99999,-2.2497,day-to-day,0.05429590372438389,True,0,bike
426,1448535750,,100,22.17238189328853,-2.5640388781197676,-3.668730174761132,-99999,-2.2497,day-to-day,0.12213576704246765,True,0,bike
427,44811668,,100,8.982525944387442,-0.48263111899193734,-2.329626933913881,-99999,-2.2497,day-to-day,0.05577055065097966,True,0,rs
428,44856483,,100,8.099692889876147,-0.3796776040423277,-2.2375112234978936,-99999,-2.2497,day-to-day,0.05541012253358116,True,0,bike
429,635472691,,100,11.043567478529255,-0.5274407827745573,-2.426469470748864,-99999,-2.2497,day-to-day,0.06169520865015736,True,0,bike
430,629532237,,100,12.388097396808737,-0.8792658595674948,-2.65176420710415,-99999,-2.2497,day-to-day,0.062470112260384264,True,0,bike
431,1667696850,,100,7.28501113850956,-0.4139748051742161,-2.236958218785084,-99999,-2.2497,day-to-day,0.05113557349240694,True,0,bike
432,1402771561,,100,13.499856882361577,-1.2507017407868786,-2.863056753381364,-99999,-2.2497,day-to-day,0.06474597918056768,True,0,bike
433,44854271,,100,25.097062199589914,-1.9089383221501415,-3.5504290984882667,-99999,-2.2497,day-to-day,0.12348094469065743,True,0,bike
434,1015968754,,100,6.160761258238667,-0.2901513193921804,-2.1175093279823014,-99999,-2.2497,day-to-day,0.0514577597333056,True,0,bike
435,1442999766,,100,53.95541032270926,-5.738397689643788,-5.956789312387196,-99999,-2.2497,day-to-day,0.5899330774523323,True,0,car
436,1402771499,,100,11.66769257366012,-0.7920159360029086,-2.5849407397761457,-99999,-2.2497,day-to-day,0.06054076217000459,True,0,rs
437,1805100649,,100,14.12996707744233,-1.1278696720848662,-2.82576018732658,-99999,-2.2497,day-to-day,0.06809136169392535,True,0,car
438,8463975474,,100,18.193859022381776,-1.585008567232073,-3.159113165567474,-99999,-2.2497,day-to-day,0.08709256523961037,True,0,bike
439,44817443,,100,13.077882755705254,-0.945574516180009,-2.7064065481387605,-99999,-2.2497,day-to-day,0.06467349183367754,True,0,car
440,44805508,,100,12.0742244990248,-0.544628019736012,-2.4750484506954518,-99999,-2.2497,day-to-day,0.0644388158691565,True,0,bike
441,3452720268,,100,14.935930467923445,-1.0501950576345906,-2.818767055024722,-99999,-2.2497,day-to-day,0.07141034225364667,True,0,bike
442,1435362533,,100,7.433894902485419,-0.37147998816042144,-2.2116840204573105,-99999,-2.2497,day-to-day,0.05323292158327206,True,0,bike
443,1583999595,,100,15.30098018174599,-1.072479703116758,-2.8417999556013385,-99999,-2.2497,day-to-day,0.07276988881507143,True,0,bike
444,1433963006,,100,24.917810585286457,-2.137726656567931,-3.6216984797061205,-99999,-2.2497,day-to-day,0.12906860487377705,True,0,bike
445,44735538,,100,24.94890235939272,-1.6880427336365116,-3.4681396319324094,-99999,-2.2497,day-to-day,0.11664222816958514,True,0,car
446,3216669367,,100,10.393672893813978,-0.8043547967268262,-2.55402853424376,-99999,-2.2497,day-to-day,0.05514378988562196,True,0,car
447,44856491,,100,11.449922817285785,-0.7671066623487567,-2.565218569973717,-99999,-2.2497,day-to-day,0.05999497988637312,True,0,bike
448,565046992,,100,16.63837180904388,-1.294982964977673,-2.9851315236621296,-99999,-2.2497,day-to-day,0.07853620814705659,True,0,bike
449,1518087765,,100,16.926433184615583,-1.7440620610468243,-3.1809777998729647,-99999,-2.2497,day-to-day,0.08171422419400676,True,0,car
450,1830058778,,100,12.876087505356967,-0.9395251849742134,-2.6968760806124523,-99999,-2.2497,day-to-day,0.06392056942272736,True,0,bike
451,2323108138,,100,11.789653310017329,-0.6438853657192021,-2.514026675462093,-99999,-2.2497,day-to-day,0.06258795076757859,True,0,bike
452,44817967,,100,13.773647868932136,-1.452706640736273,-2.9641549083919196,-99999,-2.2497,day-to-day,0.06508598873396612,True,0,bike
453,3119210620,,100,40.29983778872016,-2.4059003159865937,-4.397678121852068,-99999,-2.2497,day-to-day,0.20809422625083293,True,0,bike
454,1774593290,,100,10.43489232315746,-1.0590372218772508,-2.693916396991006,-99999,-2.2497,day-to-day,0.05139321220220988,True,0,bike
455,630748806,,100,12.628902556001956,-0.8349248122051917,-2.638162724746209,-99999,-2.2497,day-to-day,0.06373939187140415,True,0,bike
456,1570983285,,100,14.900401545022381,-1.0015718798529711,-2.7960130179597815,-99999,-2.2497,day-to-day,0.07129516046546647,True,0,car
457,44823290,,100,13.365606296209533,-0.8186136842955091,-2.656482910977954,-99999,-2.2497,day-to-day,0.06643557020555257,True,0,car
458,44731083,,100,17.003357766620848,-1.439938798776157,-3.0581672785705774,-99999,-2.2497,day-to-day,0.08076376165490384,True,0,car
459,1015968754,,100,8.846238678888783,-0.4107603493230692,-2.2817524690909785,-99999,-2.2497,day-to-day,0.05707714971824873,True,0,rs
460,44706725,,100,9.689907379732114,-0.7113253341823792,-2.4837481517875935,-99999,-2.2497,day-to-day,0.05369770583829203,True,0,car
461,4349049055,,100,14.086381517442936,-0.7973518000273477,-2.6737636725311082,-99999,-2.2497,day-to-day,0.06885359999364964,True,0,bike
462,1831506889,,100,9.976341838535264,-0.849263811065977,-2.568723969111467,-99999,-2.2497,day-to-day,0.05248707240340242,True,0,bike
463,44861495,,100,10.47273011754948,-0.9563580779678212,-2.6387724938315236,-99999,-2.2497,day-to-day,0.05314206806724883,True,0,bike
464,2381861256,,100,11.167241864057516,-0.8913816536355866,-2.6212406323131026,-99999,-2.2497,day-to-day,0.057286665889480726,True,0,bike
465,44878928,,100,8.640850217898103,-0.5712658097946167,-2.3737982801887165,-99999,-2.2497,day-to-day,0.05224666960567256,True,0,bike
466,2106976223,,100,24.13907151677038,-1.4464399864754551,-3.348984059118372,-99999,-2.2497,day-to-day,0.1074025155671187,True,0,rs
467,4246212797,,100,40.57652435172071,-2.1801766534179543,-4.3457242229482365,-99999,-2.2497,day-to-day,0.19259802162489434,True,0,bike
468,5509265887,,100,9.20895985542708,-0.6739833074634738,-2.449961464487358,-99999,-2.2497,day-to-day,0.05234362485944963,True,0,bike
469,559635312,,100,11.790767013435394,-0.8238339920809683,-2.6049995012624985,-99999,-2.2497,day-to-day,0.06067032572187306,True,0,car
470,44789407,,100,9.813399649251386,-0.5641614420580742,-2.4035566964652215,-99999,-2.2497,day-to-day,0.05702587268889098,True,0,bike
471,44773017,,100,18.627453981721217,-1.4745078628508699,-3.131366463866846,-99999,-2.2497,day-to-day,0.08799460988073662,True,0,bike
472,4349049055,,100,13.752980160841094,-0.7024563833485604,-2.617192090538347,-99999,-2.2497,day-to-day,0.0681383187404502,True,0,bike
473,630748806,,100,20.021840293969046,-1.6778524631238216,-3.262746817558055,-99999,-2.2497,day-to-day,0.09641361941792487,True,0,bike
474,2381861250,,100,25.845745505890097,-1.6630014183339885,-3.498783845179365,-99999,-2.2497,day-to-day,0.1190994406730459,True,0,bike
475,1530303740,,100,28.029161808083575,-1.4254385955066509,-3.5185819057169656,-99999,-2.2497,day-to-day,0.11777625955590867,True,0,bike
476,1584550971,,100,8.003989728645722,-0.483147499986818,-2.3016825549308297,-99999,-2.2497,day-to-day,0.05194262833403945,True,0,bike
477,44867166,,100,20.140669364617853,-0.9886383235445417,-3.006237852324629,-99999,-2.2497,day-to-day,0.08686158293917229,True,0,bike
478,479577554,,100,18.53896444885292,-1.1887595981592245,-3.015392966384306,-99999,-2.2497,day-to-day,0.08476835780594846,True,0,bike
479,44858065,,100,11.960354713801971,-0.5474254352507162,-2.4719532438625675,-99999,-2.2497,day-to-day,0.06409755809611396,True,0,bike
480,44861089,,100,8.02730335546673,-0.4188825275401551,-2.260614736904799,-99999,-2.2497,day-to-day,0.0539557652626346,True,0,bike
481,44909275,,100,20.73170315942379,-1.7923478790351175,-3.3328679568004462,-99999,-2.2497,day-to-day,0.1013355463040076,True,0,bike
482,44715978,,100,18.206577264258538,-1.2761394595124682,-3.0367222587258134,-99999,-2.2497,day-to-day,0.08445900490045957,True,0,bike
483,44844070,,100,31.141016794821795,-1.859118702650861,-3.802293698442049,-99999,-2.2497,day-to-day,0.14432304830877607,True,0,bike
484,1568976634,,100,7.496343074332276,-0.3812306916802093,-2.220132077480608,-99999,-2.2497,day-to-day,0.05313573321465945,True,0,bike
485,44795688,,100,14.664949094402049,-1.024656287613754,-2.79768722279902,-99999,-2.2497,day-to-day,0.07042162554577888,True,0,bike
486,44813852,,100,9.6394822116199,-0.5882654677677904,-2.411884282916854,-99999,-2.2497,day-to-day,0.05590163964921774,True,0,bike
487,44773458,,100,15.51587516613766,-1.1458646208805618,-2.881412699659151,-99999,-2.2497,day-to-day,0.0736602859303801,True,0,car
488,1436427064,,100,12.024304227552966,-0.8029295949638646,-2.6020676633349167,-99999,-2.2497,day-to-day,0.06177840776289806,True,0,bike
489,4552156190,,100,10.440754544226758,-0.8287754948823376,-2.5685751401234347,-99999,-2.2497,day-to-day,0.054965668984708255,True,0,bike
490,7229895332,,100,9.434449861213052,-0.6007857671620471,-2.4130599594007824,-99999,-2.2497,day-to-day,0.054843801437373746,True,0,bike
491,486605682,,100,20.442188106334044,-1.1932786603937393,-3.0965985142548744,-99999,-2.2497,day-to-day,0.09085295617913568,True,0,bike
492,1391417164,,100,12.764612272926191,-0.8043833167322323,-2.6281120879630633,-99999,-2.2497,day-to-day,0.0644515544640793,True,0,bike
493,44770471,,100,16.17757186753367,-1.044495940087385,-2.862821001787931,-99999,-2.2497,day-to-day,0.07581628415018662,True,0,bike
494,1413911023,,100,13.827397975350113,-0.6298226140016695,-2.5867144420255803,-99999,-2.2497,day-to-day,0.06857835121181775,True,0,bike
495,1410536856,,100,10.017348919423839,-0.668914039288371,-2.4687621238484327,-99999,-2.2497,day-to-day,0.055853775456286586,True,0,bike
496,4502921354,,100,13.541320344563154,-1.278496237376183,-2.8771839804267207,-99999,-2.2497,day-to-day,0.06479724273503054,True,0,bike
497,3379659699,,100,20.633081515751943,-2.3860324721276833,-3.5514433535281063,-99999,-2.2497,day-to-day,0.10909739575197708,True,0,bike
498,1563023404,,100,8.141730978021366,-0.4824608850220395,-2.304874700904742,-99999,-2.2497,day-to-day,0.05253333206791824,True,0,bike
499,44779743,,100,22.774384698743912,-1.9034830731210162,-3.45314529597088,-99999,-2.2497,day-to-day,0.11295430354335709,True,0,bike
500,44710713,,100,16.87372761276434,-1.3916513105696207,-3.0336707407646184,-99999,-2.2497,day-to-day,0.07996170645369252,True,0,car
501,44858832,,100,9.969447243188439,-0.6150152004322949,-2.437132373791659,-99999,-2.2497,day-to-day,0.05664656173786278,True,0,bike
502,582004873,,100,11.030361426471963,-0.595100254915303,-2.461588564014506,-99999,-2.2497,day-to-day,0.06071644706266932,True,0,bike
503,672526443,,100,23.22974483898482,-1.5922699545744152,-3.3609391170370113,-99999,-2.2497,day-to-day,0.10789299339887315,True,0,bike
504,1679761099,,100,18.877111008072784,-1.0852241372863178,-2.988750184952326,-99999,-2.2497,day-to-day,0.08470053461919412,True,0,bike
505,44817967,,100,20.235968855946872,-1.8479261915152285,-3.3351886522586263,-99999,-2.2497,day-to-day,0.09973683052982954,True,0,bike
506,44905729,,100,18.96892293778894,-1.2373006900698886,-3.0518976485793106,-99999,-2.2497,day-to-day,0.08674523549064891,True,0,bike
507,44846551,,100,20.916907746322625,-1.2996139602962387,-3.1565893631307684,-99999,-2.2497,day-to-day,0.09406961890910076,True,0,car
508,44740937,,100,13.479635734449113,-0.9269346399659124,-2.711262264301282,-99999,-2.2497,day-to-day,0.06630800113221227,True,0,bike
509,667470905,,100,18.576997414349897,-1.1377998094124548,-2.9968712913373254,-99999,-2.2497,day-to-day,0.0843589265816543,True,0,bike
510,1402771499,,100,19.278552562113582,-1.73918248847014,-3.258653020323522,-99999,-2.2497,day-to-day,0.09369360299556295,True,0,bike
511,1552651470,,100,9.392502502752414,-0.5108895194663797,-2.3594227033726707,-99999,-2.2497,day-to-day,0.056600542684045546,True,0,bike
512,1552650403,,100,9.175353608582565,-0.49096297675791034,-2.3407300268470306,-99999,-2.2497,day-to-day,0.05626925073435182,True,0,bike
513,1575265438,,100,34.71034403821946,-1.780563515062796,-3.9457469599740715,-99999,-2.2497,day-to-day,0.15101319696611248,True,0,bike
514,44726123,,100,12.853067421564443,-1.4152940973465329,-2.9245362639736596,-99999,-2.2497,day-to-day,0.06035704166156619,True,0,rs
515,736792564,,100,26.06190536262525,-1.7863988242448354,-3.5500582094256146,-99999,-2.2497,day-to-day,0.12369725022894709,True,0,rs
516,1402734822,,100,8.845454866394018,-0.5241619988161398,-2.3505592046732042,-99999,-2.2497,day-to-day,0.05424720829093524,True,0,bike
517,1435362475,,100,45.92477804964768,-2.1019770913323743,-4.585242306767778,-99999,-2.2497,day-to-day,0.20078370301829135,True,0,bike
518,1402734957,,100,13.313910887384313,-0.8036720408654752,-2.6475672792636225,-99999,-2.2497,day-to-day,0.06633788615452474,True,0,bike
519,44852429,,100,8.958398976958104,-0.6794149321891437,-2.4473033588150717,-99999,-2.2497,day-to-day,0.0510937430141489,True,0,bike
520,44725570,,100,13.63063001791583,-1.3773448730214661,-2.9255730742216937,-99999,-2.2497,day-to-day,0.0647229458402312,True,0,bike
521,1448535898,,100,9.239205471217225,-0.5393232207065203,-2.3713024811472314,-99999,-2.2497,day-to-day,0.05541075240903148,True,0,bike
522,44744585,,100,10.80177984079997,-1.0628351264467126,-2.7030014755077945,-99999,-2.2497,day-to-day,0.053243955004940585,True,0,bike
523,390922808,,100,12.424802716809499,-0.8379148898852806,-2.63270584214908,-99999,-2.2497,day-to-day,0.06296000622397904,True,0,car
524,1583992775,,100,31.596425060513564,-2.794528260907644,-4.117022608726115,-99999,-2.2497,day-to-day,0.19087869334779733,True,0,bike
525,2381851915,,100,9.559336566020246,-0.6848308715896905,-2.465152301421413,-99999,-2.2497,day-to-day,0.05364954257261506,True,0,bike
526,1608998282,,100,16.3872170164535,-1.0652783541829207,-2.8796946538430497,-99999,-2.2497,day-to-day,0.07661208675674278,True,0,bike
527,7229895331,,100,24.09489921411526,-1.7687797791979634,-3.459663940801976,-99999,-2.2497,day-to-day,0.11552659067976837,True,0,bike
528,44866152,,100,10.020056713593602,-0.5405931930947234,-2.397073648220312,-99999,-2.2497,day-to-day,0.05820289325803299,True,0,bike
529,44788956,,100,10.985722071297658,-0.573259390396026,-2.448483529329401,-99999,-2.2497,day-to-day,0.060876158462809,True,0,bike
530,5750212521,,100,9.35940400122472,-0.6229099336326217,-2.423850359058183,-99999,-2.2497,day-to-day,0.05407433482726254,True,0,bike
531,1448535839,,100,26.1505458318319,-1.6132271723657097,-3.495451733282354,-99999,-2.2497,day-to-day,0.11858613437572676,True,0,bike
532,1569646643,,100,10.154539230221971,-0.8711692033821098,-2.584949389160201,-99999,-2.2497,day-to-day,0.05296130161430074,True,0,bike
533,1421472378,,100,6.6939305545620185,-0.3019408942144441,-2.140996760271647,-99999,-2.2497,day-to-day,0.053069227054462514,True,0,bike
534,1413911131,,100,13.403597984400703,-0.7942674307822871,-2.6464657525286546,-99999,-2.2497,day-to-day,0.06668224083436552,True,0,bike
535,44832709,,100,18.508321855633042,-1.4405232548259816,-3.1134715974374565,-99999,-2.2497,day-to-day,0.08717154173890057,True,0,bike
536,44699979,,100,9.174414983563695,-0.6227694828787298,-2.418781518370193,-99999,-2.2497,day-to-day,0.0533051082986529,True,0,bike
537,44892653,,100,9.413845216935137,-0.5182949381603924,-2.36442437381077,-99999,-2.2497,day-to-day,0.05651692658232432,True,0,bike
538,1679761158,,100,67.56865638450022,-5.333644506137832,-6.499544266698377,-99999,-2.2497,day-to-day,0.658050748796212,True,0,rs
539,610474431,,100,52.47147002519099,-3.341383211204162,-5.245010651577634,-99999,-2.2497,day-to-day,0.344782609698552,True,0,bike
540,1584013904,,100,8.758732685417787,-0.4822266258834854,-2.3224460730162013,-99999,-2.2497,day-to-day,0.054955894606933425,True,0,bike
541,1571087335,,100,7.807885843248072,-0.48339488798420294,-2.296897453011872,-99999,-2.2497,day-to-day,0.05110104318760372,True,0,bike
542,260125197,,100,22.761509113034222,-1.1625820137967449,-3.187269819691032,-99999,-2.2497,day-to-day,0.09673162360249103,True,0,bike
543,1413910851,,100,11.377907081835954,-0.518251025458648,-2.4344138075678243,-99999,-2.2497,day-to-day,0.06278916460744002,True,0,bike
544,44822077,,100,15.481795796098194,-1.0029967416478862,-2.8183946452425213,-99999,-2.2497,day-to-day,0.07333226469784482,True,0,bike
545,715714846,,100,13.385264544457616,-0.9056469990780024,-2.698016771641485,-99999,-2.2497,day-to-day,0.0660646186688918,True,0,bike
546,565046992,,100,11.038091101489096,-0.5149760080671396,-2.4197059027324492,-99999,-2.2497,day-to-day,0.061852201204238066,True,0,bike
547,1448535909,,100,9.595186519853836,-0.5961702611152296,-2.4150946168766225,-99999,-2.2497,day-to-day,0.055571649152332314,True,0,bike
548,1965457552,,100,20.937599975580497,-1.1897907506123482,-3.1166187888266084,-99999,-2.2497,day-to-day,0.09226228228389867,True,0,car
549,247714490,,100,9.064990507432595,-0.5071056411974544,-2.3468579578339144,-99999,-2.2497,day-to-day,0.05549262004055114,True,0,bike
550,1679761094,,100,22.650401554541425,-2.454045172870372,-3.6458303437350725,-99999,-2.2497,day-to-day,0.12340495512224325,True,0,car
551,44864981,,100,10.51153252761048,-0.7716399233712992,-2.5394119774727892,-99999,-2.2497,day-to-day,0.05616715390515853,True,0,bike
552,2162658839,,100,6.2359971921473925,-0.27990619841242026,-2.1114928240124393,-99999,-2.2497,day-to-day,0.052257653303718316,True,0,bike
553,44744585,,100,8.64782146979243,-0.6520361301318273,-2.423754285356684,-99999,-2.2497,day-to-day,0.05029634758699977,True,0,bike
554,44733375,,100,10.076392181480262,-0.6594886722865705,-2.465234279554534,-99999,-2.2497,day-to-day,0.05625709274322757,True,0,bike
555,1668136736,,100,26.797580140816095,-3.6499495155353334,-4.20538415591304,-99999,-2.2497,day-to-day,0.18346348871940815,True,0,bike
556,479575357,,100,9.269776993382674,-0.5800511454848135,-2.396194394879137,-99999,-2.2497,day-to-day,0.05463137612604796,True,0,bike
557,1402734944,,100,8.630397550008333,-0.4236374477380757,-2.282425919534724,-99999,-2.2497,day-to-day,0.056010711900747495,True,0,bike
558,1668136731,,100,18.276717299043074,-1.4871561791594696,-3.1232437005011127,-99999,-2.2497,day-to-day,0.08663054122089411,True,0,car
559,5052031931,,100,12.105729286716358,-1.3249720704311057,-2.8644251149013025,-99999,-2.2497,day-to-day,0.05705923707700272,True,0,car
560,44841998,,100,11.907182351182852,-1.1479052994644767,-2.7715115366623317,-99999,-2.2497,day-to-day,0.057795151381543314,True,0,bike
561,1608998291,,100,6.856704756649087,-0.3881199634697013,-2.208262458446785,-99999,-2.2497,day-to-day,0.05023622189396776,True,0,bike
562,44808574,,100,14.919990619587606,-1.068868127987256,-2.8264317944769006,-99999,-2.2497,day-to-day,0.07134397759511174,True,0,car
563,7098466876,,100,9.163552012840366,-0.636215234527048,-2.4264662070534717,-99999,-2.2497,day-to-day,0.05296392670121336,True,0,bike
564,1583992771,,100,14.169919233933761,-0.6767553426126764,-2.622237449203287,-99999,-2.2497,day-to-day,0.06936474807725228,True,0,car
565,44787298,,100,24.299051859825173,-1.7139201234595132,-3.4491777100532923,-99999,-2.2497,day-to-day,0.11490834657680829,True,0,bike
566,44841079,,100,7.656214986472283,-0.43168292165392896,-2.2586063929462483,-99999,-2.2497,day-to-day,0.052089535015855254,True,0,bike
567,1583992775,,100,17.4339423903809,-1.3376289154255248,-3.0318989926013176,-99999,-2.2497,day-to-day,0.0819828406197316,True,0,car
568,1679761106,,100,11.826486718531848,-1.0302972418368979,-2.71027567689747,-99999,-2.2497,day-to-day,0.058632791665271244,True,0,bike
569,44857683,,100,12.855645398296563,-0.7191590876311525,-2.590426066662501,-99999,-2.2497,day-to-day,0.06534424275843902,True,0,bike
570,1402734731,,100,17.49941929188636,-1.46647078045929,-3.086614006514627,-99999,-2.2497,day-to-day,0.08310251902370483,True,0,bike
